<?xml version="1.0" encoding="UTF-8" standalone="yes"?>
<addon id="plugin.video.mrpiracy3" name="MrPiracy" provider-name="MrPiracy" version="3.0.6">
 <requires>
  <import addon="xbmc.python" version="3.0.0"/>
  <import addon="plugin.video.youtube" optional="true" />
  <import addon="script.module.six" />
  <import addon="script.module.simplejson" />
  </requires>
 <extension library="addon.py" point="xbmc.python.pluginsource">
  <provides>video</provides>
 </extension>
 <extension point="xbmc.addon.metadata">
    <summary lang="en">MrPiracy 3</summary>
    <description lang="en">Addon site MrPiracy</description>
    <description lang="en">Filmes e series no Kodi. </description>
    <disclaimer lang="en">Como desenvolvedor do addon, nada tenho a haver com site. O site pode ser acedido por um browser. Limito-me a ler o seu conteudo disponibilizado e converter em addon.</disclaimer>
    <language></language>
    <platform>all</platform>
    <license></license>
    <forum></forum>
    <website></website>
    <email></email>
    <source></source>
     <assets>
        <icon>icon.png</icon>
        <fanart>fanart.jpg</fanart>
        <banner></banner> <!-- optional -->
        <clearlogo></clearlogo> <!-- optional  -->
        <screenshot></screenshot> <!-- optional, max 10  -->
    </assets>
 </extension>
</addon>
