﻿<?xml version="1.0" encoding="UTF-8" standalone="yes"?>
<addon id="repository.mrpiracy" name="MrPiracy.site Repositorio" version="1.0.5" provider-name="MrPiracy.site">
	<extension point="xbmc.addon.repository" name="MrPiracy Repository">
		<info compressed="false">https://raw.github.com/mrpiracyPT/repository.mrpiracy/master/addons.xml</info>
		<checksum>https://raw.github.com/mrpiracyPT/repository.mrpiracy/master/addons.xml.md5</checksum>
		<datadir zip="true">https://raw.github.com/mrpiracyPT/repository.mrpiracy/master/repo/</datadir>
	</extension>
	<extension point="xbmc.addon.metadata">
		<summary>MrPiracy.site Repositorio</summary>
		<description>Addon Description</description>
		<disclaimer></disclaimer>
		<platform>all</platform>
	</extension>
</addon>
